<?xml version="1.0" encoding="UTF-8"?>
<project-private xmlns="http://www.netbeans.org/ns/project-private/1">
    <editor-bookmarks xmlns="http://www.netbeans.org/ns/editor-bookmarks/2" lastBookmarkId="0"/>
    <open-files xmlns="http://www.netbeans.org/ns/projectui-open-files/2">
        <group name="programacao">
            <file>file:/C:/Program%20Files%20(x86)/EasyPHP-Devserver-16.1/eds-www/loja/produto-lista.php</file>
            <file>file:/C:/Program%20Files%20(x86)/EasyPHP-Devserver-16.1/eds-www/loja/cabecalho.php</file>
            <file>file:/C:/Program%20Files%20(x86)/EasyPHP-Devserver-16.1/eds-www/loja/remove-produto.php</file>
            <file>file:/C:/Program%20Files%20(x86)/EasyPHP-Devserver-16.1/eds-www/loja/index.php</file>
            <file>file:/C:/Program%20Files%20(x86)/EasyPHP-Devserver-16.1/eds-www/loja/adiciona-produto.php</file>
            <file>file:/C:/Program%20Files%20(x86)/EasyPHP-Devserver-16.1/eds-www/loja/produto-formulario.php</file>
            <file>file:/C:/Program%20Files%20(x86)/EasyPHP-Devserver-16.1/eds-www/loja/banco-produto.php</file>
            <file>file:/C:/Program%20Files%20(x86)/EasyPHP-Devserver-16.1/eds-www/loja/css/loja.css</file>
        </group>
    </open-files>
</project-private>
